Rank,MovieName,Worldwide_lifetime_gross(M),Domestic_lifetime_gross(M),Foreign_lifetime_gross(M),DomesticPercentage,ForeignPercentage,Year_of_release
1,Avengers: Endgame,2797.8,858.37,1939.43,30.7,69.3,2019
2,Avatar,2790.44,760.51,2029.93,27.2,72.8,2009
3,Titanic,2471.75,659.36,1812.39,26.7,73.3,1997
4,Star Wars: Episode VII - The Force Awakens,2068.45,936.66,1131.79,45.3,54.7,2015
5,Avengers: Infinity War,2048.36,678.82,1369.54,33.1,66.9,2018
6,Jurassic World,1670.4,652.27,1018.13,39,61,2015
7,The Lion King,1657.14,543.64,1113.5,32.8,67.2,2019
8,The Avengers,1518.82,623.36,895.46,41,59,2012
9,Furious 7,1515.25,353.01,1162.25,23.3,76.7,2015
10,Frozen II,1450.03,477.37,972.65,32.9,67.1,2019
11,Avengers: Age of Ultron,1402.81,459.01,943.8,32.7,67.3,2015
12,Black Panther,1347.6,700.43,647.17,52,48,2018
13,Harry Potter and the Deathly Hallows: Part 2,1342.22,381.41,960.81,28.4,71.6,2011
14,Star Wars: Episode VIII - The Last Jedi,1332.7,620.18,712.52,46.5,53.5,2017
15,Jurassic World: Fallen Kingdom,1310.46,417.72,892.74,31.9,68.1,2018
16,Frozen,1281.02,400.95,880.07,31.3,68.7,2013
17,Beauty and the Beast,1264.06,504.48,759.58,39.9,60.1,2017
18,Incredibles 2,1242.81,608.58,634.22,49,51,2018
19,The Fate of the Furious,1236.01,226.01,1010,18.3,81.7,2017
20,Iron Man 3,1214.81,409.01,805.8,33.7,66.3,2013
21,Minions,1159.44,336.05,823.4,29,71,2015
22,Captain America: Civil War,1153.56,408.08,745.48,35.4,64.6,2016
23,Aquaman,1148.49,335.06,813.42,29.2,70.8,2018
24,The Lord of the Rings: The Return of the King,1142.46,377.85,764.61,33.1,66.9,2003
25,Spider-Man: Far from Home,1131.93,390.53,741.4,34.5,65.5,2019
26,Captain Marvel,1128.44,426.83,701.61,37.8,62.2,2019
27,Transformers: Dark of the Moon,1123.79,352.39,771.4,31.4,68.6,2011
28,Skyfall,1108.56,304.36,804.2,27.5,72.5,2012
29,Fast & Furious Presents: Hobbs & Shaw,1104.83,173.96,930.87,15.8,84.2,2019
30,Transformers: Age of Extinction,1104.05,245.44,858.61,22.2,77.8,2014
31,The Lion King,1083.72,422.78,660.94,39,61,1994
32,The Dark Knight Rises,1081.14,448.14,633,41.4,58.6,2012
33,Joker,1074.25,335.45,738.8,31.2,68.8,2019
34,Star Wars: Episode IX - The Rise of Skywalker,1074.14,515.2,558.94,48,52,2019
35,Toy Story 4,1073.39,434.04,639.36,40.4,59.6,2019
36,Toy Story 3,1066.97,415,651.97,38.9,61.1,2010
37,Pirates of the Caribbean: Dead Man's Chest,1066.18,423.32,642.86,39.7,60.3,2006
38,Rogue One: A Star Wars Story,1056.06,532.18,523.88,50.4,49.6,2016
39,Aladdin,1050.69,355.56,695.13,33.8,66.2,2019
40,Pirates of the Caribbean: On Stranger Tides,1045.71,241.07,804.64,23,77,2011
41,Despicable Me 3,1034.8,264.62,770.18,25.6,74.4,2017
42,Jurassic Park,1033.93,404.21,629.71,39.1,60.9,1993
43,Finding Dory,1028.57,486.3,542.28,47.3,52.7,2016
44,Star Wars: Episode I - The Phantom Menace,1027.08,474.54,552.54,46.2,53.8,1999
45,Alice in Wonderland,1025.47,334.19,691.28,32.6,67.4,2010
46,Zootopia,1023.79,341.27,682.52,33.3,66.7,2016
47,The Hobbit: An Unexpected Journey,1017,303,714,29.8,70.2,2012
48,Harry Potter and the Sorcerer's Stone,1006.92,318.09,688.83,31.6,68.4,2001
49,The Dark Knight,1005.97,534.86,471.12,53.2,46.8,2008
50,Harry Potter and the Deathly Hallows: Part 1,977,296.35,680.65,30.3,69.7,2010
51,Despicable Me 2,970.77,368.07,602.7,37.9,62.1,2013
52,The Jungle Book,966.55,364,602.55,37.7,62.3,2016
53,Jumanji: Welcome to the Jungle,962.1,404.54,557.56,42,58,2017
54,Pirates of the Caribbean: At World's End,961,309.42,651.58,32.2,67.8,2007
55,The Hobbit: The Desolation of Smaug,958.37,258.37,700,27,73,2013
56,The Hobbit: The Battle of the Five Armies,956.02,255.12,700.9,26.7,73.3,2014
57,The Lord of the Rings: The Two Towers,943.4,342.55,600.84,36.3,63.7,2002
58,Harry Potter and the Order of the Phoenix,942.17,292.35,649.82,31,69,2007
59,Finding Nemo,940.35,380.84,559.51,40.5,59.5,2003
60,Harry Potter and the Half-Blood Prince,934.45,302.31,632.15,32.4,67.6,2009
61,Shrek 2,928.76,441.23,487.53,47.5,52.5,2004
62,Bohemian Rhapsody,903.98,216.67,687.31,24,76,2018
63,Harry Potter and the Goblet of Fire,896.42,290.42,606,32.4,67.6,2005
64,Spider-Man 3,894.98,336.53,558.45,37.6,62.4,2007
65,The Lord of the Rings: The Fellowship of the Ring,888.16,315.54,572.61,35.5,64.5,2001
66,Ice Age: Dawn of the Dinosaurs,886.69,196.57,690.11,22.2,77.8,2009
67,Spectre,880.67,200.07,680.6,22.7,77.3,2015
68,Spider-Man: Homecoming,880.17,334.2,545.97,38,62,2017
69,Harry Potter and the Chamber of Secrets,879.6,262.45,617.15,29.8,70.2,2002
70,Ice Age: Continental Drift,877.24,161.32,715.92,18.4,81.6,2012
71,The Secret Life of Pets,875.46,368.38,507.07,42.1,57.9,2016
72,Batman v Superman: Dawn of Justice,873.64,330.36,543.28,37.8,62.2,2016
73,Wolf Warrior 2,870.33,2.72,867.6,0.3,99.7,2017
74,Star Wars: Episode III - Revenge of the Sith,868.39,380.27,488.12,43.8,56.2,2005
75,The Hunger Games: Catching Fire,865.01,424.67,440.34,49.1,50.9,2013
76,Guardians of the Galaxy Vol. 2,863.76,389.81,473.94,45.1,54.9,2017
77,Inside Out,858.07,356.92,501.15,41.6,58.4,2015
78,Venom,856.09,213.52,642.57,24.9,75.1,2018
79,Thor: Ragnarok,853.98,315.06,538.93,36.9,63.1,2017
80,Inception,836.84,292.58,544.26,35,65,2010
81,Transformers: Revenge of the Fallen,836.3,402.11,434.19,48.1,51.9,2009
82,The Twilight Saga: Breaking Dawn - Part 2,829.75,292.32,537.42,35.2,64.8,2012
83,Spider-Man,825.03,407.02,418,49.3,50.7,2002
84,Wonder Woman,822.3,412.82,409.49,50.2,49.8,2017
85,Independence Day,817.4,306.17,511.23,37.5,62.5,1996
86,Fantastic Beasts and Where to Find Them,814.04,234.04,580.01,28.8,71.2,2016
87,Shrek the Third,813.37,322.72,490.65,39.7,60.3,2007
88,Coco,807.82,210.46,597.36,26,74,2017
89,Jumanji: The Next Level,800.06,320.31,479.74,40,60,2019
90,Harry Potter and the Prisoner of Azkaban,796.22,249.98,546.25,31.4,68.6,2004
91,Pirates of the Caribbean: Dead Men Tell No Tales,794.88,172.56,622.32,21.7,78.3,2017
92,E.T. the Extra-Terrestrial,792.91,435.11,357.8,54.9,45.1,1982
93,2012,791.22,166.11,625.11,21,79,2009
94,Mission: Impossible - Fallout,791.12,220.16,570.96,27.8,72.2,2018
95,Indiana Jones and the Kingdom of the Crystal Skull,790.65,317.1,473.55,40.1,59.9,2008
96,Spider-Man 2,788.98,373.59,415.39,47.4,52.6,2004
97,Fast & Furious 6,788.68,238.68,550,30.3,69.7,2013
98,Deadpool 2,785.79,324.59,461.2,41.3,58.7,2018
99,Deadpool,782.61,363.07,419.54,46.4,53.6,2016
100,Star Wars: Episode IV - A New Hope,775.4,461,314.4,59.4,40.6,1977
101,Guardians of the Galaxy,773.34,333.72,439.62,43.2,56.8,2014
102,The Da Vinci Code,760.01,217.54,542.47,28.6,71.4,2006
103,Maleficent,758.41,241.41,517,31.8,68.2,2014
104,The Amazing Spider-Man,757.93,262.03,495.9,34.6,65.4,2012
105,The Hunger Games: Mockingjay - Part 1,755.36,337.14,418.22,44.6,55.4,2014
106,Shrek Forever After,752.6,238.74,513.86,31.7,68.3,2010
107,Madagascar 3: Europe's Most Wanted,746.92,216.39,530.53,29,71,2012
108,Suicide Squad,746.85,325.1,421.75,43.5,56.5,2016
109,X-Men: Days of Future Past,746.05,233.92,512.12,31.4,68.6,2014
110,"The Chronicles of Narnia: The Lion, the Witch and the Wardrobe",745.01,291.71,453.3,39.2,60.8,2005
111,Monsters University,743.56,268.49,475.07,36.1,63.9,2013
112,The Matrix Reloaded,741.85,281.58,460.27,38,62,2003
113,Up,735.1,293,442.09,39.9,60.1,2009
114,Ne Zha,726.06,3.7,722.37,0.5,99.5,2019
115,Gravity,723.19,274.09,449.1,37.9,62.1,2013
116,Captain America: The Winter Soldier,714.42,259.77,454.65,36.4,63.6,2014
117,The Twilight Saga: Breaking Dawn - Part 1,712.21,281.29,430.92,39.5,60.5,2011
118,The Twilight Saga: New Moon,711.03,297.82,413.21,41.9,58.1,2009
119,Dawn of the Planet of the Apes,710.64,208.55,502.1,29.4,70.6,2014
120,Transformers,709.71,319.25,390.46,45,55,2007
121,The Amazing Spider-Man 2,708.98,202.85,506.13,28.6,71.4,2014
122,Interstellar,702.42,188.02,514.4,26.8,73.2,2014
123,It,701.8,328.83,372.97,46.9,53.1,2017
124,The Wandering Earth,699.86,5.97,693.89,0.8,99.2,2019
125,The Twilight Saga: Eclipse,698.49,300.53,397.96,43,57,2010
126,Mission: Impossible - Ghost Protocol,694.71,209.4,485.32,30.1,69.9,2011
127,The Hunger Games,694.39,408.01,286.38,58.8,41.2,2012
128,It Chapter Two,683.96,211.59,472.36,30.9,69.1,2019
129,Mission: Impossible - Rogue Nation,682.72,195.04,487.67,28.6,71.4,2015
130,Forrest Gump,678.23,330.46,347.77,48.7,51.3,1994
131,Doctor Strange,677.8,232.64,445.15,34.3,65.7,2016
132,The Sixth Sense,672.81,293.51,379.3,43.6,56.4,1999
133,Man of Steel,668.05,291.05,377,43.6,56.4,2013
134,Ice Age: The Meltdown,667.09,195.33,471.76,29.3,70.7,2006
135,Kung Fu Panda 2,665.69,165.25,500.44,24.8,75.2,2011
136,The Hunger Games: Mockingjay - Part 2,658.34,281.72,376.62,42.8,57.2,2015
137,Justice League,657.93,229.02,428.9,34.8,65.2,2017
138,Big Hero 6,657.87,222.53,435.34,33.8,66.2,2014
139,Fantastic Beasts: The Crimes of Grindelwald,654.86,159.56,495.3,24.4,75.6,2018
140,Pirates of the Caribbean: The Curse of the Black Pearl,654.26,305.41,348.85,46.7,53.3,2003
141,Star Wars: Episode II - Attack of the Clones,653.78,310.68,343.1,47.5,52.5,2002
142,Thor: The Dark World,644.78,206.36,438.42,32,68,2013
143,Moana,643.35,248.76,394.59,38.7,61.3,2016
144,Sing,634.15,270.4,363.76,42.6,57.4,2016
145,Kung Fu Panda,631.75,215.43,416.31,34.1,65.9,2008
146,The Incredibles,631.61,261.44,370.17,41.4,58.6,2004
147,The Martian,630.16,228.43,401.73,36.2,63.8,2015
148,Hancock,629.44,227.95,401.5,36.2,63.8,2008
149,Fast Five,626.14,209.84,416.3,33.5,66.5,2011
150,Men in Black 3,624.03,179.02,445.01,28.7,71.3,2012
151,Iron Man 2,623.93,312.43,311.5,50.1,49.9,2010
152,Ratatouille,623.73,206.45,417.28,33.1,66.9,2007
153,Ant-Man and the Wasp,622.67,216.65,406.03,34.8,65.2,2018
154,How to Train Your Dragon 2,621.54,177,444.53,28.5,71.5,2014
155,Logan,619.02,226.28,392.74,36.6,63.4,2017
156,The Lost World: Jurassic Park,618.64,229.09,389.55,37,63,1997
157,Casino Royale,616.5,167.45,449.06,27.2,72.8,2006
158,The Passion of the Christ,612.05,370.78,241.27,60.6,39.4,2004
159,Mamma Mia!,609.91,144.17,465.74,23.6,76.4,2008
160,Life of Pi,609.02,124.99,484.03,20.5,79.5,2012
161,Transformers: The Last Knight,605.43,130.17,475.26,21.5,78.5,2017
162,Madagascar: Escape 2 Africa,603.9,180.01,423.89,29.8,70.2,2008
163,War of the Worlds,603.87,234.28,369.59,38.8,61.2,2005
164,Tangled,592.46,200.82,391.64,33.9,66.1,2010
165,Quantum of Solace,589.58,168.37,421.21,28.6,71.4,2008
166,Men in Black,589.39,250.69,338.7,42.5,57.5,1997
167,Scary Stories to Tell in the Dark,588.02,68.95,519.07,11.7,88.3,2019
168,The Croods,587.21,187.17,400.04,31.9,68.1,2013
169,The Hangover Part II,586.76,254.46,332.3,43.4,56.6,2011
170,Iron Man,585.8,319.03,266.76,54.5,45.5,2008
171,I Am Legend,585.41,256.39,329.02,43.8,56.2,2007
172,Ready Player One,582.89,137.69,445.2,23.6,76.4,2018
173,"Monsters, Inc.",579.71,290.64,289.06,50.1,49.9,2001
174,Operation Red Sea,579.33,1.54,577.79,0.3,99.7,2018
175,Night at the Museum,574.48,250.86,323.62,43.7,56.3,2006
176,Fifty Shades of Grey,569.65,166.17,403.48,29.2,70.8,2015
177,Kong: Skull Island,566.65,168.05,398.6,29.7,70.3,2017
178,The Smurfs,563.75,142.61,421.14,25.3,74.7,2011
179,King Kong,562.36,218.08,344.28,38.8,61.2,2005
180,Cars 2,559.85,191.45,368.4,34.2,65.8,2011
181,Puss in Boots,554.99,149.26,405.73,26.9,73.1,2011
182,The Mermaid,553.81,3.23,550.58,0.6,99.4,2016
183,Armageddon,553.71,201.58,352.13,36.4,63.6,1998
184,The Day After Tomorrow,552.64,186.74,365.9,33.8,66.2,2004
185,Ted,549.37,218.82,330.55,39.8,60.2,2012
186,American Sniper,547.43,350.13,197.3,64,36,2014
187,Mission: Impossible II,546.39,215.41,330.98,39.4,60.6,2000
188,Detective Chinatown 2,544.19,1.98,542.2,0.4,99.6,2018
189,X-Men: Apocalypse,543.93,155.44,388.49,28.6,71.4,2016
190,Sherlock Holmes: A Game of Shadows,543.85,186.85,357,34.4,65.6,2011
191,Despicable Me,543.11,251.51,291.6,46.3,53.7,2010
192,Cinderella,542.36,201.15,341.21,37.1,62.9,2015
193,Madagascar,542.06,193.6,348.47,35.7,64.3,2005
194,World War Z,540.01,202.36,337.65,37.5,62.5,2013
195,Brave,538.98,237.28,301.7,44,56,2012
196,Star Wars: Episode V - The Empire Strikes Back,538.38,292.75,245.62,54.4,45.6,1980
197,The Simpsons Movie,536.41,183.14,353.28,34.1,65.9,2007
198,The Revenant,532.95,183.64,349.31,34.5,65.5,2015
199,The Meg,530.26,145.44,384.82,27.4,72.6,2018
200,Ralph Breaks the Internet,529.32,201.09,328.23,38,62,2018
201,Hotel Transylvania 3: Summer Vacation,528.58,167.51,361.07,31.7,68.3,2018
202,The Boss Baby,527.97,175,352.96,33.2,66.8,2017
203,Dunkirk,526.95,189.74,337.21,36,64,2017
204,Godzilla,524.98,200.68,324.3,38.2,61.8,2014
205,How to Train Your Dragon: The Hidden World,524.38,160.8,363.58,30.7,69.3,2019
206,Sherlock Holmes,524.03,209.03,315,39.9,60.1,2009
207,Meet the Fockers,522.66,279.26,243.4,53.4,46.6,2004
208,WALL·E,521.31,223.81,297.5,42.9,57.1,2008
209,Kung Fu Panda 3,521.17,143.53,377.64,27.5,72.5,2016
210,Terminator 2: Judgment Day,520.88,205.88,315,39.5,60.5,1991
211,Ant-Man,519.31,180.2,339.11,34.7,65.3,2015
212,Angel Has Fallen,513.68,69.03,444.65,13.4,86.6,2019
213,The Grinch,512.58,271.19,241.38,52.9,47.1,2018
214,Ghost,505.7,217.63,288.07,43,57,1990
215,Aladdin,504.05,217.35,286.7,43.1,56.9,1992
216,Rio 2,498.78,131.54,367.24,26.4,73.6,2014
217,Troy,497.41,133.38,364.03,26.8,73.2,2004
218,Toy Story 2,497.38,245.85,251.52,49.4,50.6,1999
219,How to Train Your Dragon,494.88,217.58,277.3,44,56,2010
220,Twister,494.47,241.72,252.75,48.9,51.1,1996
221,Oz the Great and Powerful,493.31,234.91,258.4,47.6,52.4,2013
222,Clash of the Titans,493.21,163.21,330,33.1,66.9,2010
223,Maleficent: Mistress of Evil,491.73,113.93,377.8,23.2,76.8,2019
224,War for the Planet of the Apes,490.72,146.88,343.84,29.9,70.1,2017
225,Shrek,487.85,267.67,220.19,54.9,45.1,2001
226,Mr. & Mrs. Smith,487.29,186.34,300.95,38.2,61.8,2005
227,Angels & Demons,485.93,133.38,352.55,27.4,72.6,2009
228,Teenage Mutant Ninja Turtles,485,191.2,293.8,39.4,60.6,2014
229,Bruce Almighty,484.59,242.83,241.76,50.1,49.9,2003
230,Rio,483.87,143.62,340.25,29.7,70.3,2011
231,Saving Private Ryan,482.35,217.05,265.3,45,55,1998
232,Rise of the Planet of the Apes,481.8,176.76,305.04,36.7,63.3,2011
233,Home Alone,476.68,285.76,190.92,60,40,1990
234,Star Wars: Episode VI - Return of the Jedi,475.11,309.31,165.8,65.1,34.9,1983
235,Charlie and the Chocolate Factory,474.97,206.46,268.51,43.5,56.5,2005
236,Hotel Transylvania 2,474.8,169.7,305.1,35.7,64.3,2015
237,Indiana Jones and the Last Crusade,474.17,197.17,277,41.6,58.4,1989
238,San Andreas,473.99,155.19,318.8,32.7,67.3,2015
239,Wreck-It Ralph,471.22,189.42,281.8,40.2,59.8,2012
240,Jaws,470.65,260.76,209.89,55.4,44.6,1975
241,The Hangover,469.31,277.32,191.99,59.1,40.9,2009
242,The Lego Movie,468.06,257.76,210.3,55.1,44.9,2014
243,Bumblebee,467.99,127.2,340.79,27.2,72.8,2018
244,Star Trek Into Darkness,467.37,228.78,238.59,49,51,2013
245,The Matrix,466.36,171.48,294.88,36.8,63.2,1999
246,Gladiator,465.36,187.71,277.66,40.3,59.7,2000
247,Pretty Woman,463.41,178.41,285,38.5,61.5,1990
248,Cars,461.99,244.08,217.91,52.8,47.2,2006
249,The Eight Hundred,461.29,0.37,460.92,0.1,99.9,2020
250,X-Men: The Last Stand,460.44,234.36,226.07,50.9,49.1,2006
251,National Treasure: Book of Secrets,459.24,219.96,239.28,47.9,52.1,2007
252,Lucy,458.86,126.66,332.2,27.6,72.4,2014
253,Mission: Impossible,457.7,180.98,276.71,39.5,60.5,1996
254,300,456.07,210.61,245.45,46.2,53.8,2007
255,The Last Samurai,454.63,111.13,343.5,24.4,75.6,2003
256,Dying to Survive,451.18,0.01,451.18,0.01,100,2018
257,Ocean's Eleven,450.72,183.42,267.3,40.7,59.3,2001
258,Thor,449.33,181.03,268.3,40.3,59.7,2011
259,Pearl Harbor,449.22,198.54,250.68,44.2,55.8,2001
260,Tarzan,448.19,171.09,277.1,38.2,61.8,1999
261,La La Land,447.47,151.1,296.36,33.8,66.2,2016
262,Men in Black II,445.14,193.74,251.4,43.5,56.5,2002
263,The Bourne Ultimatum,444.1,227.47,216.63,51.2,48.8,2007
264,The Mummy Returns,443.28,202.02,241.26,45.6,54.4,2001
265,Alvin and the Chipmunks: The Squeakquel,443.14,219.61,223.53,49.6,50.4,2009
266,Les Misérables,441.81,148.81,293,33.7,66.3,2012
267,The Exorcist,441.31,232.91,208.4,52.8,47.2,1973
268,Mrs. Doubtfire,441.29,219.2,222.09,49.7,50.3,1993
269,Terminator Genisys,440.6,89.76,350.84,20.4,79.6,2015
270,Warcraft,439.05,47.37,391.68,10.8,89.2,2016
271,A Star Is Born,436.19,215.29,220.9,49.4,50.6,2018
272,The Greatest Showman,435.11,174.34,260.77,40.1,59.9,2017
273,Terminator 3: Rise of the Machines,433.37,150.37,283,34.7,65.3,2003
274,Pokémon Detective Pikachu,433.01,144.11,288.9,33.3,66.7,2019
275,Die Another Day,431.97,160.94,271.03,37.3,62.7,2002
276,The Secret Life of Pets 2,430.05,158.87,271.18,36.9,63.1,2019
277,Cast Away,429.63,233.63,196,54.4,45.6,2000
278,Rampage,428.03,101.03,327,23.6,76.4,2018
279,The King's Speech,427.37,138.8,288.58,32.5,67.5,2010
280,The Matrix Revolutions,427.34,139.31,288.03,32.6,67.4,2003
281,The Intouchables,426.59,10.2,416.39,2.4,97.6,2011
282,Bad Boys for Life,426.51,206.31,220.2,48.4,51.6,2020
283,Django Unchained,425.37,162.81,262.56,38.3,61.7,2012
284,Beauty and the Beast,424.97,218.97,206,51.5,48.5,1991
285,Dances with Wolves,424.21,184.21,240,43.4,56.6,1990
287,The Chronicles of Narnia: Prince Caspian,419.67,141.62,278.04,33.8,66.2,2008
288,Sex and the City,418.77,152.65,266.12,36.4,63.6,2008
289,The Captain,416.95,0.71,416.25,0.2,99.8,2019
290,The Chronicles of Narnia: The Voyage of the Dawn Treader,415.69,104.39,311.3,25.1,74.9,2010
291,Jason Bourne,415.48,162.43,253.05,39.1,60.9,2016
292,The Wolverine,414.83,132.56,282.27,32,68,2013
293,Kingsman: The Secret Service,414.35,128.26,286.09,31,69,2015
294,Night at the Museum: Battle of the Smithsonian,413.11,177.24,235.86,42.9,57.1,2009
295,Batman,411.35,251.35,160,61.1,38.9,1989
296,The Bodyguard,411.01,122.01,289,29.7,70.3,1992
297,Pacific Rim,411,101.8,309.2,24.8,75.2,2013
298,Kingsman: The Golden Circle,410.9,100.23,310.67,24.4,75.6,2017
299,The Mummy,409.23,80.23,329,19.6,80.4,2017
300,The Mummy,409.01,155.39,253.63,38,62,1999
301,Ice Age: Collision Course,408.75,64.06,344.69,15.7,84.3,2016
302,Twilight,408.43,193.96,214.47,47.5,52.5,2008
303,Signs,408.25,227.97,180.28,55.8,44.2,2002
304,X2: X-Men United,407.71,214.95,192.76,52.7,47.3,2003
305,"My People, My Country",405.98,2.36,403.62,0.6,99.4,2019
306,Alita: Battle Angel,404.98,85.84,319.14,21.2,78.8,2019
307,The Mummy: Tomb of the Dragon Emperor,403.45,102.49,300.96,25.4,74.6,2008
308,Prometheus,403.35,126.48,276.88,31.4,68.6,2012
309,Gone with the Wind,400.18,200.85,199.32,50.2,49.8,1939
310,TRON: Legacy,400.06,172.06,228,43,57,2010
311,Mission: Impossible III,398.48,134.03,264.45,33.6,66.4,2006
312,Snow White and the Huntsman,396.59,155.33,241.26,39.2,60.8,2012
313,Mamma Mia! Here We Go Again,395.1,120.63,274.47,30.5,69.5,2018
314,Grease,394.96,190.07,204.88,48.1,51.9,1978
315,Solo: A Star Wars Story,392.92,213.77,179.16,54.4,45.6,2018
316,The Wolf of Wall Street,392,116.9,275.1,29.8,70.2,2013
317,Superman Returns,391.08,200.08,191,51.2,48.8,2006
318,Robin Hood: Prince of Thieves,390.49,165.49,225,42.4,57.6,1991
319,Raiders of the Lost Ark,389.93,248.16,141.77,63.6,36.4,1981
320,Independence Day: Resurgence,389.68,103.14,286.54,26.5,73.5,2016
321,Live Free or Die Hard,388.16,134.53,253.63,34.7,65.3,2007
322,Monster Hunt,387.05,0.03,387.02,0.1,100,2015
323,Godzilla: King of the Monsters,386.6,110.5,276.1,28.6,71.4,2019
324,Home,386.04,177.4,208.64,46,54,2015
325,Star Trek,385.68,257.73,127.95,66.8,33.2,2009
326,Happy Feet,384.34,198,186.34,51.5,48.5,2006
327,1917,384.13,159.23,224.9,41.4,58.6,2019
328,Cars 3,383.93,152.9,231.03,39.8,60.2,2017
329,Ice Age,383.26,176.39,206.87,46,54,2002
330,Fifty Shades Darker,381.55,114.58,266.96,30,70,2017
331,Monsters vs. Aliens,381.51,198.35,183.16,52,48,2009
332,Back to the Future,381.11,211.41,169.7,55.5,44.5,1985
333,Godzilla,379.01,136.31,242.7,36,64,1998
334,True Lies,378.88,146.28,232.6,38.6,61.4,1994
335,Slumdog Millionaire,378.41,141.32,237.09,37.4,62.6,2008
336,Taken 2,376.15,139.85,236.3,37.2,62.8,2012
337,G.I. Joe: Retaliation,375.74,122.52,253.22,32.6,67.4,2013
338,Spider-Man: Into the Spider-Verse,375.54,190.24,185.3,50.7,49.3,2018
339,Mad Max: Fury Road,375.23,154.06,221.17,41.1,58.9,2015
340,Shark Tale,374.58,160.86,213.72,42.9,57.1,2004
341,Once Upon a Time... In Hollywood,374.34,142.5,231.84,38.1,61.9,2019
342,What Women Want,374.11,182.81,191.3,48.9,51.1,2000
343,The Adventures of Tintin,373.99,77.59,296.4,20.8,79.2,2011
344,Batman Begins,373.66,206.85,166.81,55.4,44.6,2005
345,Toy Story,373.55,223.23,150.33,59.8,40.2,1995
346,Penguins of Madagascar,373.52,83.85,289.66,22.4,77.6,2014
347,X-Men Origins: Wolverine,373.06,179.88,193.18,48.2,51.8,2009
348,The Golden Compass,372.23,70.11,302.13,18.8,81.2,2007
349,Fifty Shades Freed,371.99,100.41,271.58,27,73,2018
350,Hitch,371.59,179.5,192.1,48.3,51.7,2005
351,Terminator Salvation,371.35,125.32,246.03,33.8,66.2,2009
352,Captain America: The First Avenger,370.57,176.65,193.92,47.7,52.3,2011
353,Edge of Tomorrow,370.54,100.21,270.33,27,73,2014
354,There's Something About Mary,369.88,176.48,193.4,47.7,52.3,1998
355,Gone Girl,369.33,167.77,201.56,45.4,54.6,2014
356,The Fugitive,368.88,183.88,185,49.8,50.2,1993
357,Jurassic Park III,368.78,181.17,187.61,49.1,50.9,2001
358,My Big Fat Greek Wedding,368.74,241.44,127.31,65.5,34.5,2002
360,Die Hard with a Vengeance,366.1,100.01,266.09,27.3,72.7,1995
361,Shazam!,365.97,140.37,225.6,38.4,61.6,2019
362,The Nun,365.55,117.45,248.1,32.1,67.9,2018
363,Alvin and the Chipmunks,365.35,217.33,148.03,59.5,40.5,2007
364,How the Grinch Stole Christmas,363.57,260.44,103.13,71.6,28.4,2000
365,A Bug's Life,363.26,162.8,200.46,44.8,55.2,1998
366,Night at the Museum: Secret of the Tomb,363.2,113.75,249.46,31.3,68.7,2014
367,Ocean's Twelve,362.74,125.54,237.2,34.6,65.4,2004
368,Planet of the Apes,362.21,180.01,182.2,49.7,50.3,2001
369,Tenet,362.19,57.9,304.3,16,84,2020
370,The Hangover Part III,362,112.2,249.8,31,69,2013
371,Monster Hunt 2,361.68,0.71,360.98,0.2,99.8,2018
372,Fast & Furious,360.36,155.06,205.3,43,57,2009
373,Noah,359.2,101.2,258,28.2,71.8,2014
374,The Karate Kid,359.13,176.59,182.53,49.2,50.8,2010
375,Home Alone 2: Lost in New York,358.99,173.59,185.41,48.4,51.6,1992
376,Hotel Transylvania,358.38,148.31,210.06,41.4,58.6,2012
377,Minority Report,358.37,132.07,226.3,36.8,63.2,2002
378,Your Name.,357.99,5.02,352.97,1.4,98.6,2016
379,Top Gun,356.83,179.8,177.03,50.4,49.6,1986
380,The Legend of Tarzan,356.7,126.64,230.06,35.5,64.5,2016
381,American Beauty,356.3,130.1,226.2,36.5,63.5,1999
382,Spirited Away,355.47,13.75,341.72,3.9,96.1,2001
383,Apollo 13,355.24,173.84,181.4,48.9,51.1,1995
384,Rain Man,354.83,172.83,182,48.7,51.3,1988
385,The Great Gatsby,353.64,144.84,208.8,41,59,2013
386,Dumbo,353.28,114.77,238.52,32.5,67.5,2019
387,"I, Robot",353.13,144.8,208.33,41,59,2004
388,Basic Instinct,352.93,117.73,235.2,33.4,66.6,1992
389,Murder on the Orient Express,352.79,102.83,249.97,29.2,70.8,2017
390,X-Men: First Class,352.62,146.41,206.21,41.5,58.5,2011
391,The Angry Birds Movie,352.33,107.51,244.82,30.5,69.5,2016
392,GoldenEye,352.19,106.43,245.76,30.2,69.8,1995
393,Catch Me If You Can,352.11,164.62,187.5,46.8,53.2,2002
394,Now You See Me,351.72,117.72,234,33.5,66.5,2013
395,Hannibal,351.69,165.09,186.6,46.9,53.1,2001
396,The Mask,351.58,119.94,231.64,34.1,65.9,1994
397,Peter Rabbit,351.27,115.25,236.01,32.8,67.2,2018
398,Speed,350.45,121.25,229.2,34.6,65.4,1994
399,Dinosaur,349.82,137.75,212.07,39.4,60.6,2000
400,Mary Poppins Returns,349.55,171.96,177.59,49.2,50.8,2018
401,The Lorax,348.84,214.03,134.81,61.4,38.6,2012
402,The Maze Runner,348.32,102.43,245.89,29.4,70.6,2014
403,The Smurfs 2,347.55,71.02,276.53,20.4,79.6,2013
404,National Treasure,347.51,173.01,174.5,49.8,50.2,2004
405,Rush Hour 2,347.33,226.16,121.16,65.1,34.9,2001
406,Trolls,346.86,153.71,193.16,44.3,55.7,2016
407,xXx: Return of Xander Cage,346.12,44.9,301.22,13,87,2017
408,Pocahontas,346.08,141.58,204.5,40.9,59.1,1995
409,Star Trek Beyond,343.47,158.85,184.62,46.2,53.8,2016
410,Alvin and the Chipmunks: Chipwrecked,342.7,133.11,209.58,38.8,61.2,2011
411,Wanted,342.46,134.51,207.95,39.3,60.7,2008
412,The Flintstones,341.63,130.53,211.1,38.2,61.8,1994
413,A Quiet Place,340.95,188.02,152.93,55.2,44.8,2018
414,Enchanted,340.49,127.81,212.68,37.5,62.5,2007
415,Over the Hedge,339.8,155.02,184.78,45.6,54.4,2006
416,Dora and the Lost City of Gold,337.94,60.48,277.46,17.9,82.1,2019
417,300: Rise of an Empire,337.58,106.58,231,31.6,68.4,2014
418,Batman Forever,336.53,184.07,152.46,54.7,45.3,1995
419,Prince of Persia: The Sands of Time,336.37,90.76,245.61,27,73,2009
420,The Curious Case of Benjamin Button,335.8,127.51,208.29,38,62,2008
421,Journey 2: The Mysterious Island,335.26,103.86,231.4,31,69,2012
422,The Rock,335.06,134.07,200.99,40,60,1996
423,The Great Wall,334.93,45.54,289.39,13.6,86.4,2016
424,Now You See Me 2,334.9,65.08,269.82,19.4,80.6,2016
426,Deep Impact,334.52,140.46,194.05,42,58,1998
427,Fantastic Four,333.54,154.7,178.84,46.4,53.6,2005
428,Indiana Jones and the Temple of Doom,333.11,179.87,153.24,54,46,1984
429,Tomorrow Never Dies,333.01,125.3,207.71,37.6,62.4,1997
430,The Good Dinosaur,332.21,123.09,209.12,37,63,2015
431,Back to the Future Part II,331.95,119,212.95,35.8,64.2,1989
432,22 Jump Street,331.33,191.72,139.61,57.9,42.1,2014
433,Meet the Parents,330.44,166.24,164.2,50.3,49.7,2000
434,Who Framed Roger Rabbit,329.8,156.45,173.35,47.4,52.6,1988
435,Black Swan,329.4,106.95,222.44,32.5,67.5,2010
436,The Perfect Storm,328.72,182.62,146.1,55.6,44.4,2000
437,Crocodile Dundee,328.2,174.8,153.4,53.3,46.7,1986
439,Se7en,327.33,100.13,227.21,30.6,69.4,1995
440,John Wick: Chapter 3 - Parabellum,327.28,171.02,156.27,52.2,47.8,2019
441,The Devil Wears Prada,326.71,124.74,201.97,38.2,61.8,2006
442,Taken 3,326.48,89.26,237.22,27.3,72.7,2015
443,The Hunchback of Notre Dame,325.34,100.14,225.2,30.8,69.2,1996
444,A Christmas Carol,325.29,137.86,187.43,42.4,57.6,2009
445,The SpongeBob Movie: Sponge Out of Water,325.19,162.99,162.19,50.1,49.9,2015
446,Schindler's List,322.16,96.9,225.26,30.1,69.9,1993
447,Megamind,321.89,148.42,173.47,46.1,53.9,2010
448,Green Book,321.75,85.08,236.67,26.4,73.6,2018
449,Lethal Weapon 3,321.73,144.73,177,45,55,1992
450,The Ugly Truth,321.68,88.92,232.77,27.6,72.4,2009
451,Robin Hood,321.67,105.27,216.4,32.7,67.3,2010
452,Inglourious Basterds,321.46,120.54,200.91,37.5,62.5,2009
453,101 Dalmatians,320.69,136.19,184.5,42.5,57.5,1996
454,The Conjuring 2,320.39,102.47,217.92,32,68,2016
455,Fatal Attraction,320.15,156.65,163.5,48.9,51.1,1987
456,The Last Airbender,319.71,131.77,187.94,41.2,58.8,2010
457,The Conjuring,319.51,137.4,182.11,43,57,2013
458,The Proposal,317.38,163.96,153.42,51.7,48.3,2009
459,A Beautiful Mind,316.79,170.74,146.05,53.9,46.1,2001
460,Beverly Hills Cop,316.36,234.76,81.6,74.2,25.8,1984
461,Air Force One,315.16,172.96,142.2,54.9,45.1,1997
462,The Expendables 2,314.98,85.03,229.95,27,73,2012
463,Chicken Little,314.43,135.39,179.05,43.1,56.9,2005
464,As Good as It Gets,314.18,148.48,165.7,47.3,52.7,1997
465,The Polar Express,314.13,187.86,126.28,59.8,40.2,2004
466,Maze Runner: The Scorch Trials,312.3,81.7,230.6,26.2,73.8,2015
467,Resident Evil: The Final Chapter,312.24,26.83,285.41,8.6,91.4,2016
468,Austin Powers: The Spy Who Shagged Me,312.02,206.04,105.98,66,34,1999
469,The Lego Batman Movie,311.95,175.75,136.2,56.3,43.7,2017
470,Knives Out,311.4,165.36,146.04,53.1,46.9,2019
471,Ocean's Thirteen,311.31,117.15,194.16,37.6,62.4,2007
472,Sonic the Hedgehog,310.67,146.07,164.6,47,53,2020
473,Little Fockers,310.65,148.44,162.21,47.8,52.2,2010
474,Bolt,309.98,114.05,195.93,36.8,63.2,2008
475,Ransom,309.49,136.49,173,44.1,55.9,1996
476,Runaway Bride,309.46,152.26,157.2,49.2,50.8,1999
477,The Blind Side,309.21,255.96,53.25,82.8,17.2,2009
478,The Ex-File 3: The Return of The Exes,307.59,0.84,306.75,0.3,99.7,2017
479,The Fault in Our Stars,307.17,124.87,182.29,40.6,59.4,2014
480,The Pursuit of Happyness,307.13,163.57,143.56,53.3,46.7,2006
481,Rise of the Guardians,306.94,103.41,203.53,33.7,66.3,2012
482,Close Encounters of the Third Kind,306.89,135.19,171.7,44,56,1977
483,Chicago,306.78,170.69,136.09,55.6,44.4,2002
484,Annabelle: Creation,306.52,102.09,204.42,33.3,66.7,2017
486,Wonder,305.94,132.42,173.52,43.3,56.7,2017
487,Skyscraper,304.87,68.42,236.45,22.4,77.6,2018
488,A Good Day to Die Hard,304.65,67.35,237.3,22.1,77.9,2013
489,Mulan,304.32,120.62,183.7,39.6,60.4,1998
490,Dangal,303.72,12.39,291.33,4.1,95.9,2016
491,Passengers,303.14,100.01,203.13,33,67,2016
492,Battleship,303.03,65.42,237.6,21.6,78.4,2012
493,Liar Liar,302.71,181.41,121.3,59.9,40.1,1997
494,G.I. Joe: The Rise of Cobra,302.47,150.2,152.27,49.7,50.3,2009
495,Wrath of the Titans,301.97,83.67,218.3,27.7,72.3,2012
496,Fantastic 4: Rise of the Silver Surfer,301.91,131.92,169.99,43.7,56.3,2007
497,Hook,300.85,119.65,181.2,39.8,60.2,1991
498,Rocky IV,300.47,127.87,172.6,42.6,57.4,1985
499,Rambo: First Blood Part II,300.4,150.42,149.99,50.1,49.9,1985
500,Resident Evil: Afterlife,300.23,60.13,240.1,20,80,2010
501,Superman,300.22,134.45,165.77,44.8,55.2,1978
502,Van Helsing,300.16,120.18,179.98,40,60,2004
503,Stuart Little,300.14,140.04,160.1,46.7,53.3,1999
504,Beverly Hills Cop II,299.97,153.67,146.3,51.2,48.8,1987
505,Alice Through the Looking Glass,299.46,77.04,222.42,25.7,74.3,2016
506,My Best Friend's Wedding,299.29,127.12,172.17,42.5,57.5,1997
507,Real Steel,299.27,85.47,213.8,28.6,71.4,2011
508,Horton Hears a Who!,298.57,154.53,144.04,51.8,48.2,2008
509,Ocean's Eight,297.72,140.22,157.5,47.1,52.9,2018
510,The Divergent Series: Insurgent,297,130.18,166.82,43.8,56.2,2015
511,Look Who's Talking,297,140.09,156.91,47.2,52.8,1989
512,Austin Powers in Goldmember,296.94,213.31,83.63,71.8,28.2,2002
513,Miss Peregrine's Home for Peculiar Children,296.48,87.24,209.24,29.4,70.6,2016
514,X-Men,296.34,157.3,139.04,53.1,46.9,2000
515,Ferdinand,296.07,84.41,211.66,28.5,71.5,2017
516,Ghostbusters,295.21,243.19,52.03,82.4,17.6,1984
517,Shutter Island,294.8,128.01,166.79,43.4,56.6,2010
518,Doctor Dolittle,294.46,144.16,150.3,49,51,1998
519,Bee Movie,293.51,126.63,166.88,43.1,56.9,2007
520,Salt,293.5,118.31,175.19,40.3,59.7,2010
521,G-Force,292.82,119.44,173.38,40.8,59.2,2009
522,The Departed,291.47,132.38,159.08,45.4,54.6,2006
523,What Lies Beneath,291.42,155.46,135.96,53.4,46.6,2000
524,Pacific Rim: Uprising,290.93,59.87,231.06,20.6,79.4,2018
525,The Bourne Supremacy,290.84,176.24,114.59,60.6,39.4,2004
526,Sex and the City 2,290.75,95.35,195.4,32.8,67.2,2010
527,Shakespeare in Love,289.32,100.32,189,34.7,65.3,1998
528,Divergent,288.89,150.95,137.94,52.2,47.8,2014
529,Coming to America,288.75,128.15,160.6,44.4,55.6,1988
530,Wedding Crashers,288.47,209.26,79.21,72.5,27.5,2005
531,Bridesmaids,288.38,169.11,119.28,58.6,41.4,2011
532,Maze Runner: The Death Cure,288.18,58.03,230.14,20.1,79.9,2018
533,Casper,287.93,100.33,187.6,34.8,65.2,1995
534,American Pie 2,287.55,145.1,142.45,50.5,49.5,2001
535,Pitch Perfect 2,287.14,184.3,102.85,64.2,35.8,2015
536,The Green Mile,286.8,136.8,150,47.7,52.3,1999
537,Oblivion,286.17,89.11,197.06,31.1,68.9,2013
538,Elysium,286.14,93.05,193.09,32.5,67.5,2013
539,Lethal Weapon 4,285.44,130.44,155,45.7,54.3,1998
540,John Carter,284.14,73.08,211.06,25.7,74.3,2012
541,Turbo,282.57,83.03,199.54,29.4,70.6,2013
542,Paddington,282.38,76.27,206.11,27,73,2014
543,Bridget Jones's Diary,281.93,71.54,210.39,25.4,74.6,2001
544,The Tourist,278.78,67.63,211.15,24.3,75.7,2010
545,Split,278.45,138.29,140.16,49.7,50.3,2017
546,Scary Movie,278.02,157.02,121,56.5,43.5,2000
547,xXx,277.45,142.11,135.34,51.2,48.8,2002
548,The Bourne Legacy,276.14,113.2,162.94,41,59,2012
549,Mr. Peabody & Sherman,275.7,111.51,164.19,40.4,59.6,2014
550,Scooby-Doo,275.65,153.29,122.36,55.6,44.4,2002
551,Lincoln,275.29,182.21,93.09,66.2,33.8,2012
552,Lara Croft: Tomb Raider,274.7,131.17,143.54,47.8,52.2,2001
553,Tomb Raider,274.65,58.25,216.4,21.2,78.8,2018
554,The Expendables,274.47,103.07,171.4,37.6,62.4,2010
555,Cloudy With a Chance of Meatballs 2,274.33,119.79,154.53,43.7,56.3,2013
556,The Nutty Professor,273.96,128.81,145.15,47,53,1996
557,Jerry Maguire,273.55,153.95,119.6,56.3,43.7,1996
558,Bad Boys II,273.34,138.61,134.73,50.7,49.3,2003
559,Lilo & Stitch,273.14,145.79,127.35,53.4,46.6,2002
560,The Silence of the Lambs,272.74,130.74,142,47.9,52.1,1991
561,Grown Ups,271.46,162,109.46,59.7,40.3,2010
562,Neighbors,270.67,150.16,120.51,55.5,44.5,2014
563,The Firm,270.25,158.35,111.9,58.6,41.4,1993
564,We're the Millers,269.99,150.39,119.6,55.7,44.3,2012
565,Gran Torino,269.96,148.1,121.86,54.9,45.1,2008
566,"10,000 BC",269.78,94.78,175,35.1,64.9,2008
567,American Gangster,269.76,130.16,139.59,48.2,51.8,2007
568,Epic,268.43,107.52,160.91,40.1,59.9,2013
569,Exodus: Gods and Kings,268.18,65.01,203.16,24.2,75.8,2014
570,Bambi,267.45,102.25,165.2,38.2,61.8,1942
571,The Princess and the Frog,267.05,104.4,162.64,39.1,60.9,2009
572,Batman Returns,266.82,162.9,103.92,61,39,1992
573,Indecent Proposal,266.61,106.61,160,40,60,1993
574,Something's Gotta Give,265.33,124.73,140.6,47,53,2003
575,Bridget Jones: The Edge of Reason,265.13,40.23,224.9,15.2,84.8,2004
576,The Incredible Hulk,264.77,134.81,129.96,50.9,49.1,2008
577,Waterworld,264.22,88.25,175.97,33.4,66.6,1995
578,The Truman Show,264.12,125.62,138.5,47.6,52.4,1998
579,Charlie's Angels,264.11,125.31,138.8,47.4,52.6,2000
580,The Fifth Element,263.92,63.82,200.1,24.2,75.8,1997
581,Jumanji,262.8,100.5,162.3,38.2,61.8,1995
582,Borat: Cultural Learnings of America for Make Benefit Glorious Nation of Kazakhstan,262.55,128.51,134.05,48.9,51.1,2006
583,Robots,262.51,128.2,134.31,48.8,51.2,2005
584,Knight and Day,261.99,76.42,185.57,29.2,70.8,2008
585,Total Recall,261.32,119.41,141.91,45.7,54.3,1990
586,This Is It,261.18,72.09,189.09,27.6,72.4,2009
587,Terminator: Dark Fate,261.12,62.25,198.87,23.8,76.2,2019
588,The Lone Ranger,260.5,89.3,171.2,34.3,65.7,2013
589,Super 8,260.1,127,133.09,48.8,51.2,2011
590,Mojin: The Lost Legend,259.37,1.24,258.12,0.5,99.5,2015
591,Blade Runner 2049,259.24,92.05,167.19,35.5,64.5,2017
592,Charlie's Angels: Full Throttle,259.18,100.83,158.35,38.9,61.1,2003
593,Parasite,258.59,53.37,205.22,20.6,79.4,2019
594,Rush Hour 3,258.1,140.13,117.97,54.3,45.7,2007
595,The Full Monty,257.94,45.95,211.99,17.8,82.2,1997
596,Kung Fu Yoga,257.75,0.36,257.39,0.1,99.9,2017
597,Annabelle,257.58,84.27,173.31,32.7,67.3,2014
598,The Village,256.7,114.2,142.5,44.5,55.5,2003
599,Lost in Hong Kong,256.28,1.3,254.98,0.5,99.5,2015
600,Erin Brockovich,256.27,125.6,130.68,49,51,2000
602,Marley & Me,255.74,143.15,112.59,56,44,2008
603,Halloween,255.61,159.34,96.27,62.3,37.7,2018
604,Get Out,255.45,176.04,79.41,68.9,31.1,2016
605,Us,255.18,175.08,80.1,68.6,31.4,2019
606,Cliffhanger,255,84.05,170.95,33,67,1993
